/*
insert into "user" (id, first_name, last_name, email, phone_number) values (1, 'Tailor', 'Feaveer', 'tfeaveer0@nifty.com', '770-404-4917');
insert into "user" (id, first_name, last_name, email, phone_number) values (2, 'Tyrone', 'Claypool', 'tclaypool1@facebook.com', '626-342-4182');
insert into "user" (id, first_name, last_name, email, phone_number) values (3, 'Jaye', 'Anstiss', 'janstiss2@jimdo.com', '716-389-7511');
insert into "user" (id, first_name, last_name, email, phone_number) values (4, 'Kristal', 'Kohrs', 'kkohrs3@tmall.com', '375-431-1496');
insert into "user" (id, first_name, last_name, email, phone_number) values (5, 'Byran', 'Hillin', 'bhillin4@cornell.edu', '367-458-2806');
insert into "user" (id, first_name, last_name, email, phone_number) values (6, 'Cesar', 'Linguard', 'clinguard5@webeden.co.uk', '910-176-2029');
insert into "user" (id, first_name, last_name, email, phone_number) values (7, 'Lesly', 'Monument', 'lmonument6@ox.ac.uk', '164-918-8133');
insert into "user" (id, first_name, last_name, email, phone_number) values (8, 'Gerhardt', 'Sandiford', 'gsandiford7@ox.ac.uk', '234-592-9836');
insert into "user" (id, first_name, last_name, email, phone_number) values (9, 'Diannne', 'Twidle', 'dtwidle8@homestead.com', '364-884-7403');
insert into "user" (id, first_name, last_name, email, phone_number) values (10, 'Russ', 'Northwood', 'rnorthwood9@irs.gov', '255-685-0710');

 */

/*
insert into product (id, name, price, expiration_date) values (1, 'Coffee - Decafenated', 87.25, '21-09-2021');
insert into product (id, name, price, expiration_date) values (2, 'Chocolate - Feathers', 72.0, '06-03-2022');
insert into product (id, name, price, expiration_date) values (3, 'Tray - Foam, Square 4 - S', 71.41, '08-09-2021');
insert into product (id, name, price, expiration_date) values (4, 'Wine - Casillero Del Diablo', 35.26, '31-10-2021');
insert into product (id, name, price, expiration_date) values (5, 'Instant Coffee', 52.06, '30-06-2022');
insert into product (id, name, price, expiration_date) values (6, 'Cinnamon Rolls', 1.94, '11-11-2021');
insert into product (id, name, price, expiration_date) values (7, 'Muffin Orange Individual', 14.71, '26-08-2021');
insert into product (id, name, price, expiration_date) values (8, 'Pasta - Gnocchi, Potato', 84.11, '29-01-2022');
insert into product (id, name, price, expiration_date) values (9, 'Ham - Proscuitto', 37.08, '12-05-2022');
insert into product (id, name, price, expiration_date) values (10, 'Lobster - Baby, Boiled', 91.08, '14-08-2022');

 */

/*
insert into product_comment (id, comment, comment_date, product_id, user_id) values (1, 'iterate innovative networks', '22-11-2021', 1, 3);
insert into product_comment (id, comment, comment_date, product_id, user_id) values (2, 'expedite cross-media channels', '05-04-2022', 4, 5);
insert into product_comment (id, comment, comment_date, product_id, user_id) values (3, 'implement next-generation infomediaries', '05-03-2022', 1, 2);
insert into product_comment (id, comment, comment_date, product_id, user_id) values (4, 'mesh distributed web-readiness', '17-01-2022', 5, 4);
insert into product_comment (id, comment, comment_date, product_id, user_id) values (5, 'transform interactive methodologies', '01-03-2022', 9, 7);
insert into product_comment (id, comment, comment_date, product_id, user_id) values (6, 'optimize transparent web-readiness', '18-10-2021', 5, 1);
insert into product_comment (id, comment, comment_date, product_id, user_id) values (7, 'engage mission-critical platforms', '16-08-2022', 8, 10);
insert into product_comment (id, comment, comment_date, product_id, user_id) values (8, 'disintermediate wireless e-services', '01-02-2022', 8, 1);
insert into product_comment (id, comment, comment_date, product_id, user_id) values (9, 'evolve e-business initiatives', '06-06-2022', 9, 1);
insert into product_comment (id, comment, comment_date, product_id, user_id) values (10, 'enable customized deliverables', '05-09-2021', 8, 4);
insert into product_comment (id, comment, comment_date, product_id, user_id) values (11, 'strategize out-of-the-box methodologies', '18-07-2022', 8, 3);
insert into product_comment (id, comment, comment_date, product_id, user_id) values (12, 'brand virtual experiences', '01-01-2022', 7, 2);
insert into product_comment (id, comment, comment_date, product_id, user_id) values (13, 'engage viral partnerships', '26-03-2022', 5, 3);
insert into product_comment (id, comment, comment_date, product_id, user_id) values (14, 'reinvent cross-media vortals', '02-09-2021', 3, 5);
insert into product_comment (id, comment, comment_date, product_id, user_id) values (15, 'envisioneer granular initiatives', '06-07-2022', 9, 6);
insert into product_comment (id, comment, comment_date, product_id, user_id) values (16, 'enable 24/365 relationships', '11-04-2022', 3, 6);
insert into product_comment (id, comment, comment_date, product_id, user_id) values (17, 'engage real-time networks', '25-03-2022', 3, 1);
insert into product_comment (id, comment, comment_date, product_id, user_id) values (18, 'iterate B2C e-business', '15-07-2022', 2, 9);
insert into product_comment (id, comment, comment_date, product_id, user_id) values (19, 'redefine proactive synergies', '28-09-2021', 5, 4);
insert into product_comment (id, comment, comment_date, product_id, user_id) values (20, 'revolutionize user-centric channels', '23-04-2022', 10, 3);

 */